ENTITY,,,,,RATING,,,,,CONTEXT,,,,TRACKING,,
Entity ID,Display Name,Entity Type,Talent Build Code,Notes,Tier Letter (S/A/B/C/D),Numeric Score (0-10),Assumed Level,Patch Version,Date Assessed,Role in Meta,Matchup Strengths,Matchup Weaknesses,Justification / Notes,Research Status,Assessor,Last Updated
wukong,Wukong,Unit,ALL (max level),MAX-LEVEL tier. Floor tier (C) = low-level estimate.,S,9.5,15 (max),35.0,April 2026,Main carry with premium clone scaling,"High damage ceiling, flexible talent path, good vs most decks",Requires investment; underperforms in early game,"Update 35.0 headline unit. Clone-based scaling with exceptional talent upside. S-tier at max, poor at low levels.",In Progress,AI Research,2026-04-06
wukong,Wukong,Unit,NONE (no talents),"LOW-LEVEL estimate (no talents, level 7-9). Ceiling tier (S) = max level.",C,4,7-9 (no talents),35.0,April 2026,Main carry with premium clone scaling — pre-talent,Same base mechanics but no talent bonuses,All talent-dependent strengths unavailable,"Floor estimate for win prediction when unit has no talent icon visible. Update 35.0 headline unit. Clone-based scaling with exceptional talent upside. S-tier at max, poor at low levels.",In Progress,AI Research,2026-04-06
bard,Bard,Unit,ALL (max level),MAX-LEVEL tier. Floor tier (C) = low-level estimate.,S,9.3,15 (max),35.0,April 2026,Hybrid DPS/Support carry,"AoE bounce damage, Music Mode inspiration stacks, versatile mode-switching",Complex to play; needs active management; weak without mana for Music Mode,Toggle mana mechanic unique in game. Damage scales with Inspiration — becomes dominant in longer matches.,In Progress,AI Research,2026-04-06
bard,Bard,Unit,NONE (no talents),"LOW-LEVEL estimate (no talents, level 7-9). Ceiling tier (S) = max level.",C,4,7-9 (no talents),35.0,April 2026,Hybrid DPS/Support carry — pre-talent,Same base mechanics but no talent bonuses,All talent-dependent strengths unavailable,Floor estimate for win prediction when unit has no talent icon visible. Toggle mana mechanic unique in game. Damage scales with Inspiration — becomes dominant in longer matches.,In Progress,AI Research,2026-04-06
genie,Genie,Unit,ALL (max level),MAX-LEVEL tier. Floor tier (C) = low-level estimate.,S,9.2,15 (max),35.0,April 2026,Main DPS carry with board-clearing utility,Vortex naturally clears junk ranks; safe board; stacks attack speed/damage,Needs merges to stack Vortex — struggles if forced to hold board state,Manages its own board presence while scaling. One of safest carries in game.,In Progress,AI Research,2026-04-06
genie,Genie,Unit,NONE (no talents),"LOW-LEVEL estimate (no talents, level 7-9). Ceiling tier (S) = max level.",C,4,7-9 (no talents),35.0,April 2026,Main DPS carry with board-clearing utility — pre-talent,Same base mechanics but no talent bonuses,All talent-dependent strengths unavailable,Floor estimate for win prediction when unit has no talent icon visible. Manages its own board presence while scaling. One of safest carries in game.,In Progress,AI Research,2026-04-06
dryad,Dryad,Unit,ALL (max level),MAX-LEVEL tier. Floor tier (B) = low-level estimate.,S,9,15 (max),35.0,April 2026,Premium support — rank-boosting,Works in nearly every carry deck; accelerates power spikes; multiple synergies,No damage output; takes a deck slot; needs carries to buff,Support value so universal it's nearly mandatory in high-level play.,In Progress,AI Research,2026-04-06
dryad,Dryad,Unit,NONE (no talents),"LOW-LEVEL estimate (no talents, level 7-9). Ceiling tier (S) = max level.",B,5.5,7-9 (no talents),35.0,April 2026,Premium support — rank-boosting — pre-talent,Same base mechanics but no talent bonuses,All talent-dependent strengths unavailable,Floor estimate for win prediction when unit has no talent icon visible. Support value so universal it's nearly mandatory in high-level play.,In Progress,AI Research,2026-04-06
treant,Treant,Unit,ALL (max level),MAX-LEVEL tier. Floor tier (D) = low-level estimate.,S,9,15 (max),35.0,April 2026,Tank/DPS carry with infinite scaling,Unlimited Leaf stack growth; high health; scales indefinitely,Slow start; needs merges to build stacks; weak early waves,S-tier only at high investment. D-tier without talents and stacks. Biggest tier gap in the game.,In Progress,AI Research,2026-04-06
treant,Treant,Unit,NONE (no talents),"LOW-LEVEL estimate (no talents, level 7-9). Ceiling tier (S) = max level.",D,2.5,7-9 (no talents),35.0,April 2026,Tank/DPS carry with infinite scaling — pre-talent,Same base mechanics but no talent bonuses,All talent-dependent strengths unavailable,Floor estimate for win prediction when unit has no talent icon visible. S-tier only at high investment. D-tier without talents and stacks. Biggest tier gap in the game.,In Progress,AI Research,2026-04-06
knight_statue,Knight Statue,Unit,ALL (max level),MAX-LEVEL tier. Floor tier (B) = low-level estimate.,S,8.8,15 (max),35.0,April 2026,Positional support — attack speed/crit,Amplifies adjacent carries massively; count thresholds unlock crit bonus,No damage; position-dependent; requires board coordination,S-tier in decks built around it. A-B tier as a splash support.,In Progress,AI Research,2026-04-06
knight_statue,Knight Statue,Unit,NONE (no talents),"LOW-LEVEL estimate (no talents, level 7-9). Ceiling tier (S) = max level.",B,5,7-9 (no talents),35.0,April 2026,Positional support — attack speed/crit — pre-talent,Same base mechanics but no talent bonuses,All talent-dependent strengths unavailable,Floor estimate for win prediction when unit has no talent icon visible. S-tier in decks built around it. A-B tier as a splash support.,In Progress,AI Research,2026-04-06
witch,Witch,Unit,ALL (max level),MAX-LEVEL tier. Floor tier (C) = low-level estimate.,S,8.7,15 (max),35.0,April 2026,PvP board disruptor,Disrupts opponent merges; forces bad outcomes; Exhaustion amplifies effect,Largely useless in Co-Op; needs opponent to be actively merging,One of the most oppressive PvP units. Counters board-setup carries hard.,In Progress,AI Research,2026-04-06
witch,Witch,Unit,NONE (no talents),"LOW-LEVEL estimate (no talents, level 7-9). Ceiling tier (S) = max level.",C,4,7-9 (no talents),35.0,April 2026,PvP board disruptor — pre-talent,Same base mechanics but no talent bonuses,All talent-dependent strengths unavailable,Floor estimate for win prediction when unit has no talent icon visible. One of the most oppressive PvP units. Counters board-setup carries hard.,In Progress,AI Research,2026-04-06
enchanted_sword,Enchanted Sword,Unit,ALL (max level),MAX-LEVEL tier. Floor tier (C) = low-level estimate.,S,8.5,15 (max),35.0,April 2026,Hybrid DPS/support — buff/debuff,Buffs own units and debuffs opponent on merge; crit synergy with KS decks,Complex blue/red Sword state management; Knight Statue interaction reduces buff 5x,Strong in the right shell. Misunderstood — requires reading the blue/red state.,In Progress,AI Research,2026-04-06
enchanted_sword,Enchanted Sword,Unit,NONE (no talents),"LOW-LEVEL estimate (no talents, level 7-9). Ceiling tier (S) = max level.",C,4,7-9 (no talents),35.0,April 2026,Hybrid DPS/support — buff/debuff — pre-talent,Same base mechanics but no talent bonuses,All talent-dependent strengths unavailable,Floor estimate for win prediction when unit has no talent icon visible. Strong in the right shell. Misunderstood — requires reading the blue/red state.,In Progress,AI Research,2026-04-06
valkyrie,Valkyrie,Unit,ALL (max level),MAX-LEVEL tier. Floor tier (D) = low-level estimate.,A,8.2,15 (max),35.0,April 2026,Main carry — sacrifice/rune mechanic,High AoE damage; rune stacking; self-sustaining power growth,Complex mechanic; needs Chosen One management; relatively new unit,Added Update 34.0. Strong A-tier carry with S-tier potential as meta develops.,In Progress,AI Research,2026-04-06
valkyrie,Valkyrie,Unit,NONE (no talents),"LOW-LEVEL estimate (no talents, level 7-9). Ceiling tier (A) = max level.",D,2.5,7-9 (no talents),35.0,April 2026,Main carry — sacrifice/rune mechanic — pre-talent,Same base mechanics but no talent bonuses,All talent-dependent strengths unavailable,Floor estimate for win prediction when unit has no talent icon visible. Added Update 34.0. Strong A-tier carry with S-tier potential as meta develops.,In Progress,AI Research,2026-04-06
demon_hunter,Demon Hunter,Unit,ALL (max level),MAX-LEVEL tier. Floor tier (C) = low-level estimate.,A,8,15 (max),35.0,April 2026,DPS carry — board-rank scaling,Hits multiple targets; scales to all-enemy attacks at 40 combined rank; has reincarnation,Struggles against bosses that disrupt board; relies on maintaining high combined rank,Ease of use makes it great. Ceiling limited by boss interactions.,In Progress,AI Research,2026-04-06
demon_hunter,Demon Hunter,Unit,NONE (no talents),"LOW-LEVEL estimate (no talents, level 7-9). Ceiling tier (A) = max level.",C,4.5,7-9 (no talents),35.0,April 2026,DPS carry — board-rank scaling — pre-talent,Same base mechanics but no talent bonuses,All talent-dependent strengths unavailable,Floor estimate for win prediction when unit has no talent icon visible. Ease of use makes it great. Ceiling limited by boss interactions.,In Progress,AI Research,2026-04-06
monk,Monk,Unit,ALL (max level),MAX-LEVEL tier. Floor tier (D) = low-level estimate.,A,8,15 (max),35.0,April 2026,DPS carry — intersection formation,Massive attack speed/damage at intersection; talent cleanses debuffs; reincarnation,Requires specific board formation; hard to set up; weak to board disruption,Extremely powerful when intersection forms. Terrible without it. High skill ceiling.,In Progress,AI Research,2026-04-06
monk,Monk,Unit,NONE (no talents),"LOW-LEVEL estimate (no talents, level 7-9). Ceiling tier (A) = max level.",D,2,7-9 (no talents),35.0,April 2026,DPS carry — intersection formation — pre-talent,Same base mechanics but no talent bonuses,All talent-dependent strengths unavailable,Floor estimate for win prediction when unit has no talent icon visible. Extremely powerful when intersection forms. Terrible without it. High skill ceiling.,In Progress,AI Research,2026-04-06
harlequin,Harlequin,Unit,ALL (max level),MAX-LEVEL tier. Floor tier (B) = low-level estimate.,A,7.8,15 (max),35.0,April 2026,Utility support — unit copying,Fixes bad RNG instantly; duplicates key units; works in almost any combo deck,Doesn't copy at full damage; needs good units to copy to be valuable,The deck-glue. Makes every combo deck more consistent. A-tier in virtually all contexts.,In Progress,AI Research,2026-04-06
harlequin,Harlequin,Unit,NONE (no talents),"LOW-LEVEL estimate (no talents, level 7-9). Ceiling tier (A) = max level.",B,5.5,7-9 (no talents),35.0,April 2026,Utility support — unit copying — pre-talent,Same base mechanics but no talent bonuses,All talent-dependent strengths unavailable,Floor estimate for win prediction when unit has no talent icon visible. The deck-glue. Makes every combo deck more consistent. A-tier in virtually all contexts.,In Progress,AI Research,2026-04-06
robot,Robot,Unit,ALL (max level),MAX-LEVEL tier. Floor tier (C) = low-level estimate.,A,7.5,15 (max),35.0,April 2026,CC/DPS — stun scaling,Reliable stun; good damage; extremely annoying in PvP; reincarnation,Stun has minimum re-stun interval; less effective against bosses,Robot decks are consistently strong. Reliable and hard to counter.,In Progress,AI Research,2026-04-06
robot,Robot,Unit,NONE (no talents),"LOW-LEVEL estimate (no talents, level 7-9). Ceiling tier (A) = max level.",C,4,7-9 (no talents),35.0,April 2026,CC/DPS — stun scaling — pre-talent,Same base mechanics but no talent bonuses,All talent-dependent strengths unavailable,Floor estimate for win prediction when unit has no talent icon visible. Robot decks are consistently strong. Reliable and hard to counter.,In Progress,AI Research,2026-04-06
spirit_master,Spirit Master,Unit,ALL (max level),MAX-LEVEL tier. Floor tier (D) = low-level estimate.,A,7.5,15 (max),35.0,April 2026,DPS carry — mana-investment scaling,Scales with mana spent — dominates with mana generation decks; reincarnation,Requires active mana management; weak without mana investment; complex to play,High ceiling in the right deck. Needs infinite mana style builds to shine.,In Progress,AI Research,2026-04-06
spirit_master,Spirit Master,Unit,NONE (no talents),"LOW-LEVEL estimate (no talents, level 7-9). Ceiling tier (A) = max level.",D,2,7-9 (no talents),35.0,April 2026,DPS carry — mana-investment scaling — pre-talent,Same base mechanics but no talent bonuses,All talent-dependent strengths unavailable,Floor estimate for win prediction when unit has no talent icon visible. High ceiling in the right deck. Needs infinite mana style builds to shine.,In Progress,AI Research,2026-04-06
scrapper,Scrapper,Unit,ALL (max level),MAX-LEVEL tier. Floor tier (C) = low-level estimate.,A,7.2,15 (max),35.0,April 2026,Board management support,Keeps board clean; upgrades carry ranks; replaces Dryad in some builds; reincarnation,Won't eat other Scrappers; risk of messing up board with extra carry unit,Essential for Inquisitor and Knight Statue decks. Strong general support.,In Progress,AI Research,2026-04-06
scrapper,Scrapper,Unit,NONE (no talents),"LOW-LEVEL estimate (no talents, level 7-9). Ceiling tier (A) = max level.",C,4,7-9 (no talents),35.0,April 2026,Board management support — pre-talent,Same base mechanics but no talent bonuses,All talent-dependent strengths unavailable,Floor estimate for win prediction when unit has no talent icon visible. Essential for Inquisitor and Knight Statue decks. Strong general support.,In Progress,AI Research,2026-04-06
summoner,Summoner,Unit,ALL (max level),MAX-LEVEL tier. Floor tier (C) = low-level estimate.,A,7,15 (max),35.0,April 2026,Economy support — free unit generation,Summons units at no mana cost on merge; talent can switch types or increase rank; reincarnation,Random summon location and type; can create unwanted board clutter,Board economy value is extremely high in long matches.,In Progress,AI Research,2026-04-06
summoner,Summoner,Unit,NONE (no talents),"LOW-LEVEL estimate (no talents, level 7-9). Ceiling tier (A) = max level.",C,4,7-9 (no talents),35.0,April 2026,Economy support — free unit generation — pre-talent,Same base mechanics but no talent bonuses,All talent-dependent strengths unavailable,Floor estimate for win prediction when unit has no talent icon visible. Board economy value is extremely high in long matches.,In Progress,AI Research,2026-04-06
gunslinger,Gunslinger,Unit,ALL (max level),MAX-LEVEL tier. Floor tier (C) = low-level estimate.,A,7,15 (max),35.0,April 2026,Versatile DPS — mode switching,Shootout mode provides burst damage; dual-mode flexibility; reincarnation,Not as consistent as Bard or Monk; requires Shootout activation for peak DPS,Solid A-tier. Outclassed by top DPS options but reliable.,In Progress,AI Research,2026-04-06
gunslinger,Gunslinger,Unit,NONE (no talents),"LOW-LEVEL estimate (no talents, level 7-9). Ceiling tier (A) = max level.",C,4,7-9 (no talents),35.0,April 2026,Versatile DPS — mode switching — pre-talent,Same base mechanics but no talent bonuses,All talent-dependent strengths unavailable,Floor estimate for win prediction when unit has no talent icon visible. Solid A-tier. Outclassed by top DPS options but reliable.,In Progress,AI Research,2026-04-06
sea_dog,Sea Dog,Unit,ALL (max level),MAX-LEVEL tier. Floor tier (D) = low-level estimate.,A,6.8,15 (max),35.0,April 2026,DPS/utility — explosive mechanics; reincarnation,Explosive chest and cannonball area damage; unique board pressure,Requires very specific deck build; inflexible,Strong in optimized builds. Weak in generic ones.,In Progress,AI Research,2026-04-06
sea_dog,Sea Dog,Unit,NONE (no talents),"LOW-LEVEL estimate (no talents, level 7-9). Ceiling tier (A) = max level.",D,2.5,7-9 (no talents),35.0,April 2026,DPS/utility — explosive mechanics; reincarnation — pre-talent,Same base mechanics but no talent bonuses,All talent-dependent strengths unavailable,Floor estimate for win prediction when unit has no talent icon visible. Strong in optimized builds. Weak in generic ones.,In Progress,AI Research,2026-04-06
blade_dancer,Blade Dancer,Unit,ALL (max level),MAX-LEVEL tier. Floor tier (C) = low-level estimate.,A,6.8,15 (max),35.0,April 2026,DPS carry — isolation mechanic; reincarnation,High attack speed and extra blade when isolated; scales with Blade Dancer count,Easily disrupted by Witch/Shaman; requires no adjacent units for full bonus,"Classic carry, still viable. Hard countered by board disruption.",In Progress,AI Research,2026-04-06
blade_dancer,Blade Dancer,Unit,NONE (no talents),"LOW-LEVEL estimate (no talents, level 7-9). Ceiling tier (A) = max level.",C,4,7-9 (no talents),35.0,April 2026,DPS carry — isolation mechanic; reincarnation — pre-talent,Same base mechanics but no talent bonuses,All talent-dependent strengths unavailable,"Floor estimate for win prediction when unit has no talent icon visible. Classic carry, still viable. Hard countered by board disruption.",In Progress,AI Research,2026-04-06
cultist,Cultist,Unit,ALL (max level),MAX-LEVEL tier. Floor tier (D) = low-level estimate.,A,6.8,15 (max),35.0,April 2026,DPS carry — cross formation; reincarnation,Massive AoE in cross formation; Sacrifice ability returns mana; crit bonus,Requires cross formation — extremely hard to set up; Bedlam/Tribunal destroys it,Top-tier ceiling but lowest floor. Only strong in perfect conditions.,In Progress,AI Research,2026-04-06
cultist,Cultist,Unit,NONE (no talents),"LOW-LEVEL estimate (no talents, level 7-9). Ceiling tier (A) = max level.",D,2,7-9 (no talents),35.0,April 2026,DPS carry — cross formation; reincarnation — pre-talent,Same base mechanics but no talent bonuses,All talent-dependent strengths unavailable,Floor estimate for win prediction when unit has no talent icon visible. Top-tier ceiling but lowest floor. Only strong in perfect conditions.,In Progress,AI Research,2026-04-06
inquisitor,Inquisitor,Unit,ALL (max level),MAX-LEVEL tier. Floor tier (C) = low-level estimate.,B,6.5,15 (max),35.0,April 2026,DPS carry — hit-scaling + board count; reincarnation,Damage scales to 500% with consecutive hits; 1/4/7 board count bonuses; AoE,Nerfed — no longer S-tier; disrupted by rank reduction abilities,Formerly meta-defining. Still strong but requires more setup.,In Progress,AI Research,2026-04-06
inquisitor,Inquisitor,Unit,NONE (no talents),"LOW-LEVEL estimate (no talents, level 7-9). Ceiling tier (B) = max level.",C,4,7-9 (no talents),35.0,April 2026,DPS carry — hit-scaling + board count; reincarnation — pre-talent,Same base mechanics but no talent bonuses,All talent-dependent strengths unavailable,Floor estimate for win prediction when unit has no talent icon visible. Formerly meta-defining. Still strong but requires more setup.,In Progress,AI Research,2026-04-06
bruiser,Bruiser,Unit,ALL (max level),MAX-LEVEL tier. Floor tier (D) = low-level estimate.,B,6.2,15 (max),35.0,April 2026,DPS carry — rage mechanic; reincarnation,High damage when enraged; AoE attacks; good burst window,Enrage is inconsistent — only triggers at 5+ monsters; 3s cooldown after enrage ends,"High ceiling, inconsistent. Tier depends heavily on wave pressure.",In Progress,AI Research,2026-04-06
bruiser,Bruiser,Unit,NONE (no talents),"LOW-LEVEL estimate (no talents, level 7-9). Ceiling tier (B) = max level.",D,2.5,7-9 (no talents),35.0,April 2026,DPS carry — rage mechanic; reincarnation — pre-talent,Same base mechanics but no talent bonuses,All talent-dependent strengths unavailable,"Floor estimate for win prediction when unit has no talent icon visible. High ceiling, inconsistent. Tier depends heavily on wave pressure.",In Progress,AI Research,2026-04-06
crystalmancer,Crystalmancer,Unit,ALL (max level),MAX-LEVEL tier. Floor tier (C) = low-level estimate.,B,6.2,15 (max),35.0,April 2026,DPS — hit-stacking on single target,With High Arcanist talents rivals A-tier legendaries; strong vs high-health targets,Capped at 800% damage; poor vs waves of low-health monsters; needs time on target,Best non-legendary DPS option at max talent. Strong B-tier.,In Progress,AI Research,2026-04-06
crystalmancer,Crystalmancer,Unit,NONE (no talents),"LOW-LEVEL estimate (no talents, level 7-9). Ceiling tier (B) = max level.",C,4,7-9 (no talents),35.0,April 2026,DPS — hit-stacking on single target — pre-talent,Same base mechanics but no talent bonuses,All talent-dependent strengths unavailable,Floor estimate for win prediction when unit has no talent icon visible. Best non-legendary DPS option at max talent. Strong B-tier.,In Progress,AI Research,2026-04-06
engineer,Engineer,Unit,ALL (max level),MAX-LEVEL tier. Floor tier (C) = low-level estimate.,B,5.8,15 (max),35.0,April 2026,DPS — chain formation,Best non-legendary consistent DPS option; chain bonus significant,Requires adjacent Engineers for chain bonus; vulnerable to board disruption,Event buff (Update 35.0 Supremacy Tournament) provides niche use. Good mid-game option.,In Progress,AI Research,2026-04-06
engineer,Engineer,Unit,NONE (no talents),"LOW-LEVEL estimate (no talents, level 7-9). Ceiling tier (B) = max level.",C,4,7-9 (no talents),35.0,April 2026,DPS — chain formation — pre-talent,Same base mechanics but no talent bonuses,All talent-dependent strengths unavailable,Floor estimate for win prediction when unit has no talent icon visible. Event buff (Update 35.0 Supremacy Tournament) provides niche use. Good mid-game option.,In Progress,AI Research,2026-04-06
trapper,Trapper,Unit,ALL (max level),MAX-LEVEL tier. Floor tier (C) = low-level estimate.,B,5.8,15 (max),35.0,April 2026,CC — slowing traps + reincarnation,Good slow and trap damage; Huntmaster form adds Mantrap crit bonus; reincarnation,Less impactful than Frost or Stasis in pure CC role without talents,"With Huntmaster talents, strong CC contribution. Gets better with investment.",In Progress,AI Research,2026-04-06
trapper,Trapper,Unit,NONE (no talents),"LOW-LEVEL estimate (no talents, level 7-9). Ceiling tier (B) = max level.",C,4,7-9 (no talents),35.0,April 2026,CC — slowing traps + reincarnation — pre-talent,Same base mechanics but no talent bonuses,All talent-dependent strengths unavailable,"Floor estimate for win prediction when unit has no talent icon visible. With Huntmaster talents, strong CC contribution. Gets better with investment.",In Progress,AI Research,2026-04-06
minotaur,Minotaur,Unit,ALL (max level),MAX-LEVEL tier. Floor tier (D) = low-level estimate.,B,5.5,15 (max),35.0,April 2026,Support — summon blocker; reincarnation,Spawns blocking Minotaurs; area damage; niche board control,Very specific deck requirements; hard to build around effectively,Niche B-tier. Useful in specific Co-Op builds.,In Progress,AI Research,2026-04-06
minotaur,Minotaur,Unit,NONE (no talents),"LOW-LEVEL estimate (no talents, level 7-9). Ceiling tier (B) = max level.",D,2.5,7-9 (no talents),35.0,April 2026,Support — summon blocker; reincarnation — pre-talent,Same base mechanics but no talent bonuses,All talent-dependent strengths unavailable,Floor estimate for win prediction when unit has no talent icon visible. Niche B-tier. Useful in specific Co-Op builds.,In Progress,AI Research,2026-04-06
tesla,Tesla,Unit,ALL (max level),MAX-LEVEL tier. Floor tier (D) = low-level estimate.,B,5.5,15 (max),35.0,April 2026,DPS — chain lightning; reincarnation,Chain lightning hits multiple targets; good AoE; reincarnation,Requires spending money or event tokens to level efficiently,Artificially gated by progression cost. Strong at max level.,In Progress,AI Research,2026-04-06
tesla,Tesla,Unit,NONE (no talents),"LOW-LEVEL estimate (no talents, level 7-9). Ceiling tier (B) = max level.",D,2,7-9 (no talents),35.0,April 2026,DPS — chain lightning; reincarnation — pre-talent,Same base mechanics but no talent bonuses,All talent-dependent strengths unavailable,Floor estimate for win prediction when unit has no talent icon visible. Artificially gated by progression cost. Strong at max level.,In Progress,AI Research,2026-04-06
meteor,Meteor,Unit,ALL (max level),MAX-LEVEL tier. Floor tier (D) = low-level estimate.,B,5.5,15 (max),35.0,April 2026,DPS — high burst; reincarnation,Massive single-hit damage; useful vs high-health bosses,Long attack interval; needs skill to time effectively,High skill cap. Strong in right hands.,In Progress,AI Research,2026-04-06
meteor,Meteor,Unit,NONE (no talents),"LOW-LEVEL estimate (no talents, level 7-9). Ceiling tier (B) = max level.",D,2.5,7-9 (no talents),35.0,April 2026,DPS — high burst; reincarnation — pre-talent,Same base mechanics but no talent bonuses,All talent-dependent strengths unavailable,Floor estimate for win prediction when unit has no talent icon visible. High skill cap. Strong in right hands.,In Progress,AI Research,2026-04-06
chemist,Chemist,Unit,ALL (max level),MAX-LEVEL tier. Floor tier (B) = low-level estimate.,B,5.5,15 (max),35.0,April 2026,Debuff support — armor reduction,Armor destruction significantly amplifies all DPS on target; vital for boss damage,No damage output; needs other units to exploit the debuff,One of the most consistent B-tier picks. Vital in many competitive decks.,In Progress,AI Research,2026-04-06
chemist,Chemist,Unit,NONE (no talents),"LOW-LEVEL estimate (no talents, level 7-9). Ceiling tier (B) = max level.",B,5,7-9 (no talents),35.0,April 2026,Debuff support — armor reduction — pre-talent,Same base mechanics but no talent bonuses,All talent-dependent strengths unavailable,Floor estimate for win prediction when unit has no talent icon visible. One of the most consistent B-tier picks. Vital in many competitive decks.,In Progress,AI Research,2026-04-06
riding_hood,Red Riding Hood,Unit,ALL (max level),MAX-LEVEL tier. Floor tier (D) = low-level estimate.,C,5,15 (max),35.0,April 2026,DPS — situational; reincarnation,Strong vs wolf-type monsters and bosses,Very situational; weak vs non-wolf targets,"Niche use. Strong in specific events, weak in general PvP.",In Progress,AI Research,2026-04-06
riding_hood,Red Riding Hood,Unit,NONE (no talents),"LOW-LEVEL estimate (no talents, level 7-9). Ceiling tier (C) = max level.",D,2,7-9 (no talents),35.0,April 2026,DPS — situational; reincarnation — pre-talent,Same base mechanics but no talent bonuses,All talent-dependent strengths unavailable,"Floor estimate for win prediction when unit has no talent icon visible. Niche use. Strong in specific events, weak in general PvP.",In Progress,AI Research,2026-04-06
frost,Frost,Unit,ALL (max level),MAX-LEVEL tier. Floor tier (C) = low-level estimate.,C,5,15 (max),35.0,April 2026,CC — AoE slow + DoT; reincarnation,Area slow via Blizzard; Frostbite stacking damage; AoE pressure,Lower priority than Witch/Shaman in PvP disruption role,Solid CC option. Good in Co-Op. Overshadowed by better CC in PvP.,In Progress,AI Research,2026-04-06
frost,Frost,Unit,NONE (no talents),"LOW-LEVEL estimate (no talents, level 7-9). Ceiling tier (C) = max level.",C,4,7-9 (no talents),35.0,April 2026,CC — AoE slow + DoT; reincarnation — pre-talent,Same base mechanics but no talent bonuses,All talent-dependent strengths unavailable,Floor estimate for win prediction when unit has no talent icon visible. Solid CC option. Good in Co-Op. Overshadowed by better CC in PvP.,In Progress,AI Research,2026-04-06
plague_doctor,Plague Doctor,Unit,ALL (max level),MAX-LEVEL tier. Floor tier (C) = low-level estimate.,C,4.8,15 (max),35.0,April 2026,CC — death cloud,Good area denial via poison clouds; effective with high-density waves,Cannot deal direct damage; dependent on other units to kill infected enemies,"Consistent C-tier. Strong in Co-Op, limited in PvP.",In Progress,AI Research,2026-04-06
plague_doctor,Plague Doctor,Unit,NONE (no talents),"LOW-LEVEL estimate (no talents, level 7-9). Ceiling tier (C) = max level.",C,4,7-9 (no talents),35.0,April 2026,CC — death cloud — pre-talent,Same base mechanics but no talent bonuses,All talent-dependent strengths unavailable,"Floor estimate for win prediction when unit has no talent icon visible. Consistent C-tier. Strong in Co-Op, limited in PvP.",In Progress,AI Research,2026-04-06
boreas,Boreas,Unit,ALL (max level),MAX-LEVEL tier. Floor tier (C) = low-level estimate.,C,4.8,15 (max),35.0,April 2026,DPS — phase cycling; reincarnation,Periodic crit phase provides burst; high-speed phase consistent DPS,Simple mechanic limited ceiling; overshadowed by modern carries,Reliable but no longer competitive at high trophy levels.,In Progress,AI Research,2026-04-06
boreas,Boreas,Unit,NONE (no talents),"LOW-LEVEL estimate (no talents, level 7-9). Ceiling tier (C) = max level.",C,4,7-9 (no talents),35.0,April 2026,DPS — phase cycling; reincarnation — pre-talent,Same base mechanics but no talent bonuses,All talent-dependent strengths unavailable,Floor estimate for win prediction when unit has no talent icon visible. Reliable but no longer competitive at high trophy levels.,In Progress,AI Research,2026-04-06
hex,Hex,Unit,ALL (max level),MAX-LEVEL tier. Floor tier (C) = low-level estimate.,C,4.5,15 (max),35.0,April 2026,Utility — instant-kill enabler,Adds instant-kill chance to all adjacent units; synergizes with Inquisitor,Passive — no direct damage; relies entirely on adjacent units to benefit,Niche support. Best with Inquisitor stacking builds.,In Progress,AI Research,2026-04-06
hex,Hex,Unit,NONE (no talents),"LOW-LEVEL estimate (no talents, level 7-9). Ceiling tier (C) = max level.",C,3.5,7-9 (no talents),35.0,April 2026,Utility — instant-kill enabler — pre-talent,Same base mechanics but no talent bonuses,All talent-dependent strengths unavailable,Floor estimate for win prediction when unit has no talent icon visible. Niche support. Best with Inquisitor stacking builds.,In Progress,AI Research,2026-04-06
portal_mage,Portal Mage,Unit,ALL (max level),MAX-LEVEL tier. Floor tier (C) = low-level estimate.,C,4.5,15 (max),35.0,April 2026,CC — monster repositioning,"Sends monsters backward on path, buying time for damage dealers",Limited impact vs high-wave-count bosses; situational,Useful in specific anti-boss strategies.,In Progress,AI Research,2026-04-06
portal_mage,Portal Mage,Unit,NONE (no talents),"LOW-LEVEL estimate (no talents, level 7-9). Ceiling tier (C) = max level.",C,3.5,7-9 (no talents),35.0,April 2026,CC — monster repositioning — pre-talent,Same base mechanics but no talent bonuses,All talent-dependent strengths unavailable,Floor estimate for win prediction when unit has no talent icon visible. Useful in specific anti-boss strategies.,In Progress,AI Research,2026-04-06
gargoyle,Gargoyle,Unit,ALL (max level),MAX-LEVEL tier. Floor tier (C) = low-level estimate.,C,4.3,15 (max),35.0,April 2026,DPS — stone form proc,Stone form provides invulnerability and boosts adjacent Gargoyles,Probabilistic — unreliable stone form activation,Fun mechanic but inconsistent. C-tier in most metas.,In Progress,AI Research,2026-04-06
gargoyle,Gargoyle,Unit,NONE (no talents),"LOW-LEVEL estimate (no talents, level 7-9). Ceiling tier (C) = max level.",C,3.5,7-9 (no talents),35.0,April 2026,DPS — stone form proc — pre-talent,Same base mechanics but no talent bonuses,All talent-dependent strengths unavailable,Floor estimate for win prediction when unit has no talent icon visible. Fun mechanic but inconsistent. C-tier in most metas.,In Progress,AI Research,2026-04-06
reaper,Reaper,Unit,ALL (max level),MAX-LEVEL tier. Floor tier (C) = low-level estimate.,C,4.3,15 (max),35.0,April 2026,DPS — instant kill chance,Can one-shot any enemy; effective vs high-health targets,Unreliable — can backfire; low base damage when instant kill doesn't trigger,"High variance. Occasionally clutch, often underwhelming.",In Progress,AI Research,2026-04-06
reaper,Reaper,Unit,NONE (no talents),"LOW-LEVEL estimate (no talents, level 7-9). Ceiling tier (C) = max level.",C,3.5,7-9 (no talents),35.0,April 2026,DPS — instant kill chance — pre-talent,Same base mechanics but no talent bonuses,All talent-dependent strengths unavailable,"Floor estimate for win prediction when unit has no talent icon visible. High variance. Occasionally clutch, often underwhelming.",In Progress,AI Research,2026-04-06
bombardier,Bombardier,Unit,ALL (max level),MAX-LEVEL tier. Floor tier (C) = low-level estimate.,C,4.2,15 (max),35.0,April 2026,CC — stun; good synergy with AoE units,Stuns enemies; groups them for AoE carries; synergy with Inquisitor,Stun has cooldown per target; weaker at higher trophy counts vs resistant enemies,Good support. Best with AoE carries like Inquisitor and Fire Mage.,In Progress,AI Research,2026-04-06
bombardier,Bombardier,Unit,NONE (no talents),"LOW-LEVEL estimate (no talents, level 7-9). Ceiling tier (C) = max level.",C,3.5,7-9 (no talents),35.0,April 2026,CC — stun; good synergy with AoE units — pre-talent,Same base mechanics but no talent bonuses,All talent-dependent strengths unavailable,Floor estimate for win prediction when unit has no talent icon visible. Good support. Best with AoE carries like Inquisitor and Fire Mage.,In Progress,AI Research,2026-04-06
earth_elemental,Earth Elemental,Unit,ALL (max level),MAX-LEVEL tier. Floor tier (C) = low-level estimate.,C,4,15 (max),35.0,April 2026,Support — venom amplifier,Infection charges amplify venom damage; synergy with Ivy/Poisoner,Extremely niche; only valuable in venom-focused decks,C-tier niche support.,In Progress,AI Research,2026-04-06
earth_elemental,Earth Elemental,Unit,NONE (no talents),"LOW-LEVEL estimate (no talents, level 7-9). Ceiling tier (C) = max level.",C,3.5,7-9 (no talents),35.0,April 2026,Support — venom amplifier — pre-talent,Same base mechanics but no talent bonuses,All talent-dependent strengths unavailable,Floor estimate for win prediction when unit has no talent icon visible. C-tier niche support.,In Progress,AI Research,2026-04-06
ivy,Ivy,Unit,ALL (max level),MAX-LEVEL tier. Floor tier (C) = low-level estimate.,C,4,15 (max),35.0,April 2026,DPS — venom stacking,Poison stacks deal significant DoT on high-health targets,Slow ramp-up; weak vs fast low-health waves,Useful in venom stacking Co-Op. Outclassed in PvP.,In Progress,AI Research,2026-04-06
ivy,Ivy,Unit,NONE (no talents),"LOW-LEVEL estimate (no talents, level 7-9). Ceiling tier (C) = max level.",C,3.5,7-9 (no talents),35.0,April 2026,DPS — venom stacking — pre-talent,Same base mechanics but no talent bonuses,All talent-dependent strengths unavailable,Floor estimate for win prediction when unit has no talent icon visible. Useful in venom stacking Co-Op. Outclassed in PvP.,In Progress,AI Research,2026-04-06
zealot,Zealot,Unit,ALL (max level),MAX-LEVEL tier. Floor tier (C) = low-level estimate.,C,4.2,15 (max),35.0,April 2026,DPS — group scaling,Scales with Zealot count; good with Summoner for free unit synergy,Needs many Zealots on board for peak effect,Functional but not competitive at high level.,In Progress,AI Research,2026-04-06
zealot,Zealot,Unit,NONE (no talents),"LOW-LEVEL estimate (no talents, level 7-9). Ceiling tier (C) = max level.",C,3.5,7-9 (no talents),35.0,April 2026,DPS — group scaling — pre-talent,Same base mechanics but no talent bonuses,All talent-dependent strengths unavailable,Floor estimate for win prediction when unit has no talent icon visible. Functional but not competitive at high level.,In Progress,AI Research,2026-04-06
archer,Archer,Unit,ALL (max level),MAX-LEVEL tier. Floor tier (D) = low-level estimate.,D,3.5,15 (max),35.0,April 2026,DPS — basic ranged,Simple targeted DPS; consistent attack speed scaling,Completely outclassed by any legendary DPS or even Crystalmancer/Engineer,Good early game option. Replace as soon as better units available.,In Progress,AI Research,2026-04-06
archer,Archer,Unit,NONE (no talents),"LOW-LEVEL estimate (no talents, level 7-9). Ceiling tier (D) = max level.",D,3,7-9 (no talents),35.0,April 2026,DPS — basic ranged — pre-talent,Same base mechanics but no talent bonuses,All talent-dependent strengths unavailable,Floor estimate for win prediction when unit has no talent icon visible. Good early game option. Replace as soon as better units available.,In Progress,AI Research,2026-04-06
fire_mage,Fire Mage,Unit,ALL (max level),MAX-LEVEL tier. Floor tier (D) = low-level estimate.,D,3.5,15 (max),35.0,April 2026,DPS — AoE fire,Area explosion on hit; good vs grouped enemies,Low base damage; falls off quickly in mid-late game,Early game utility only.,In Progress,AI Research,2026-04-06
fire_mage,Fire Mage,Unit,NONE (no talents),"LOW-LEVEL estimate (no talents, level 7-9). Ceiling tier (D) = max level.",D,3,7-9 (no talents),35.0,April 2026,DPS — AoE fire — pre-talent,Same base mechanics but no talent bonuses,All talent-dependent strengths unavailable,Floor estimate for win prediction when unit has no talent icon visible. Early game utility only.,In Progress,AI Research,2026-04-06
cold_mage,Cold Mage,Unit,ALL (max level),MAX-LEVEL tier. Floor tier (D) = low-level estimate.,D,3.2,15 (max),35.0,April 2026,CC — slow,Reliable slow; good synergy with Inquisitor; accessible early,Max 50% slow cap; outclassed by Frost in CC role,Early CC option. Outclassed but remains budget pick.,In Progress,AI Research,2026-04-06
cold_mage,Cold Mage,Unit,NONE (no talents),"LOW-LEVEL estimate (no talents, level 7-9). Ceiling tier (D) = max level.",D,2.8,7-9 (no talents),35.0,April 2026,CC — slow — pre-talent,Same base mechanics but no talent bonuses,All talent-dependent strengths unavailable,Floor estimate for win prediction when unit has no talent icon visible. Early CC option. Outclassed but remains budget pick.,In Progress,AI Research,2026-04-06
lightning_mage,Lightning Mage,Unit,ALL (max level),MAX-LEVEL tier. Floor tier (D) = low-level estimate.,D,3.2,15 (max),35.0,April 2026,DPS — chain lightning,Chain hits multiple targets; accessible,Outclassed by Tesla at higher levels,Basic early-game unit.,In Progress,AI Research,2026-04-06
lightning_mage,Lightning Mage,Unit,NONE (no talents),"LOW-LEVEL estimate (no talents, level 7-9). Ceiling tier (D) = max level.",D,3,7-9 (no talents),35.0,April 2026,DPS — chain lightning — pre-talent,Same base mechanics but no talent bonuses,All talent-dependent strengths unavailable,Floor estimate for win prediction when unit has no talent icon visible. Basic early-game unit.,In Progress,AI Research,2026-04-06
thrower,Thrower,Unit,ALL (max level),MAX-LEVEL tier. Floor tier (D) = low-level estimate.,D,3,15 (max),35.0,April 2026,DPS — random target,Can hit backline targets randomly,Low damage; no reliable targeting,Early game only.,In Progress,AI Research,2026-04-06
thrower,Thrower,Unit,NONE (no talents),"LOW-LEVEL estimate (no talents, level 7-9). Ceiling tier (D) = max level.",D,2.8,7-9 (no talents),35.0,April 2026,DPS — random target — pre-talent,Same base mechanics but no talent bonuses,All talent-dependent strengths unavailable,Floor estimate for win prediction when unit has no talent icon visible. Early game only.,In Progress,AI Research,2026-04-06
poisoner,Poisoner,Unit,ALL (max level),MAX-LEVEL tier. Floor tier (D) = low-level estimate.,D,3,15 (max),35.0,April 2026,CC — poison DoT,Stacking venom damage,Very slow ramp; outclassed by better venom options,Starter unit. Replace quickly.,In Progress,AI Research,2026-04-06
poisoner,Poisoner,Unit,NONE (no talents),"LOW-LEVEL estimate (no talents, level 7-9). Ceiling tier (D) = max level.",D,2.8,7-9 (no talents),35.0,April 2026,CC — poison DoT — pre-talent,Same base mechanics but no talent bonuses,All talent-dependent strengths unavailable,Floor estimate for win prediction when unit has no talent icon visible. Starter unit. Replace quickly.,In Progress,AI Research,2026-04-06
priestess,Priestess,Unit,ALL (max level),MAX-LEVEL tier. Floor tier (D) = low-level estimate.,D,3.2,15 (max),35.0,April 2026,Mana generation,Generates mana; synergy with mana-hungry decks,Outclassed by Vampire at most levels; no damage output,Budget mana generator. Use until Vampire is available.,In Progress,AI Research,2026-04-06
priestess,Priestess,Unit,NONE (no talents),"LOW-LEVEL estimate (no talents, level 7-9). Ceiling tier (D) = max level.",D,3,7-9 (no talents),35.0,April 2026,Mana generation — pre-talent,Same base mechanics but no talent bonuses,All talent-dependent strengths unavailable,Floor estimate for win prediction when unit has no talent icon visible. Budget mana generator. Use until Vampire is available.,In Progress,AI Research,2026-04-06
magic_cauldron,Magic Cauldron,Unit,ALL (max level),MAX-LEVEL tier. Floor tier (D) = low-level estimate.,D,3,15 (max),35.0,April 2026,Mana generation,Generates mana passively,Can flood board; outclassed by Vampire,D-tier mana generator. Risky to run.,In Progress,AI Research,2026-04-06
magic_cauldron,Magic Cauldron,Unit,NONE (no talents),"LOW-LEVEL estimate (no talents, level 7-9). Ceiling tier (D) = max level.",D,2.8,7-9 (no talents),35.0,April 2026,Mana generation — pre-talent,Same base mechanics but no talent bonuses,All talent-dependent strengths unavailable,Floor estimate for win prediction when unit has no talent icon visible. D-tier mana generator. Risky to run.,In Progress,AI Research,2026-04-06
clock_of_power,Clock of Power,Unit,ALL (max level),MAX-LEVEL tier. Floor tier (D) = low-level estimate.,D,3,15 (max),35.0,April 2026,PvP support — attack speed reduction,Passively reduces opponent attack speed; niche PvP use,Minimal impact; easily replaced by better disruptors,Situational at best.,In Progress,AI Research,2026-04-06
clock_of_power,Clock of Power,Unit,NONE (no talents),"LOW-LEVEL estimate (no talents, level 7-9). Ceiling tier (D) = max level.",D,2.8,7-9 (no talents),35.0,April 2026,PvP support — attack speed reduction — pre-talent,Same base mechanics but no talent bonuses,All talent-dependent strengths unavailable,Floor estimate for win prediction when unit has no talent icon visible. Situational at best.,In Progress,AI Research,2026-04-06
stasis,Stasis,Unit,ALL (max level),MAX-LEVEL tier. Floor tier (D) = low-level estimate.,D,3.5,15 (max),35.0,April 2026,CC — freeze traps,Traps completely stop monsters temporarily; no overlap with other CC,Traps are static and predictable; boss immunity reduces value,Niche CC. Better options exist in most builds.,In Progress,AI Research,2026-04-06
stasis,Stasis,Unit,NONE (no talents),"LOW-LEVEL estimate (no talents, level 7-9). Ceiling tier (D) = max level.",D,3,7-9 (no talents),35.0,April 2026,CC — freeze traps — pre-talent,Same base mechanics but no talent bonuses,All talent-dependent strengths unavailable,Floor estimate for win prediction when unit has no talent icon visible. Niche CC. Better options exist in most builds.,In Progress,AI Research,2026-04-06
vampire,Vampire,Unit,ALL (max level),MAX-LEVEL tier. Floor tier (D) = low-level estimate.,D,3.5,15 (max),35.0,April 2026,Mana generation,Mana generation scales well; has attack; synergy with Cold Mage for bite speed,Outclassed as primary mana generator by Summoner in many builds,Used to be essential. Still functional budget pick for mana.,In Progress,AI Research,2026-04-06
vampire,Vampire,Unit,NONE (no talents),"LOW-LEVEL estimate (no talents, level 7-9). Ceiling tier (D) = max level.",D,3,7-9 (no talents),35.0,April 2026,Mana generation — pre-talent,Same base mechanics but no talent bonuses,All talent-dependent strengths unavailable,Floor estimate for win prediction when unit has no talent icon visible. Used to be essential. Still functional budget pick for mana.,In Progress,AI Research,2026-04-06
sentry,Sentry,Unit,ALL (max level),MAX-LEVEL tier. Floor tier (D) = low-level estimate.,D,3,15 (max),35.0,April 2026,DPS — gradual scaling,Damage scales over time while unmoved,Resets on merge; slow ramp; outclassed,Novelty unit. Not competitive.,In Progress,AI Research,2026-04-06
sentry,Sentry,Unit,NONE (no talents),"LOW-LEVEL estimate (no talents, level 7-9). Ceiling tier (D) = max level.",D,2.8,7-9 (no talents),35.0,April 2026,DPS — gradual scaling — pre-talent,Same base mechanics but no talent bonuses,All talent-dependent strengths unavailable,Floor estimate for win prediction when unit has no talent icon visible. Novelty unit. Not competitive.,In Progress,AI Research,2026-04-06
catapult,Catapult,Unit,ALL (max level),MAX-LEVEL tier. Floor tier (D) = low-level estimate.,D,3.5,15 (max),35.0,April 2026,DPS/CC — stun + AoE,Stuns and deals AoE damage; good early,9-second re-stun cooldown per target; low damage late game,"Good early option, falls off.",In Progress,AI Research,2026-04-06
catapult,Catapult,Unit,NONE (no talents),"LOW-LEVEL estimate (no talents, level 7-9). Ceiling tier (D) = max level.",D,3,7-9 (no talents),35.0,April 2026,DPS/CC — stun + AoE — pre-talent,Same base mechanics but no talent bonuses,All talent-dependent strengths unavailable,"Floor estimate for win prediction when unit has no talent icon visible. Good early option, falls off.",In Progress,AI Research,2026-04-06
hunter,Hunter,Unit,ALL (max level),MAX-LEVEL tier. Floor tier (D) = low-level estimate.,D,3,15 (max),35.0,April 2026,DPS — first-shot bonus,First hit bonus damage on each new target,Very low base damage; no scaling advantage,D-tier basic unit.,In Progress,AI Research,2026-04-06
hunter,Hunter,Unit,NONE (no talents),"LOW-LEVEL estimate (no talents, level 7-9). Ceiling tier (D) = max level.",D,2.8,7-9 (no talents),35.0,April 2026,DPS — first-shot bonus — pre-talent,Same base mechanics but no talent bonuses,All talent-dependent strengths unavailable,Floor estimate for win prediction when unit has no talent icon visible. D-tier basic unit.,In Progress,AI Research,2026-04-06
sharpshooter,Sharpshooter,Unit,ALL (max level),MAX-LEVEL tier. Floor tier (D) = low-level estimate.,D,3.5,15 (max),35.0,April 2026,DPS — max-health percentage,Deals % of max health — scales vs high-health targets and bosses,Low flat damage vs low-health targets; inconsistent,Situationally useful vs bosses. Generally D-tier.,In Progress,AI Research,2026-04-06
sharpshooter,Sharpshooter,Unit,NONE (no talents),"LOW-LEVEL estimate (no talents, level 7-9). Ceiling tier (D) = max level.",D,3.2,7-9 (no talents),35.0,April 2026,DPS — max-health percentage — pre-talent,Same base mechanics but no talent bonuses,All talent-dependent strengths unavailable,Floor estimate for win prediction when unit has no talent icon visible. Situationally useful vs bosses. Generally D-tier.,In Progress,AI Research,2026-04-06
ice_mage,Ice Mage,Unit,ALL (max level),MAX-LEVEL tier. Floor tier (D) = low-level estimate.,D,3.2,15 (max),35.0,April 2026,CC/DPS — slow + damage,AoE slow; more damage than Cold Mage,Outclassed by Frost at legendary level,Mid-tier CC for budget builds.,In Progress,AI Research,2026-04-06
ice_mage,Ice Mage,Unit,NONE (no talents),"LOW-LEVEL estimate (no talents, level 7-9). Ceiling tier (D) = max level.",D,3,7-9 (no talents),35.0,April 2026,CC/DPS — slow + damage — pre-talent,Same base mechanics but no talent bonuses,All talent-dependent strengths unavailable,Floor estimate for win prediction when unit has no talent icon visible. Mid-tier CC for budget builds.,In Progress,AI Research,2026-04-06
alchemist,Alchemist,Unit,ALL (max level),MAX-LEVEL tier. Floor tier (D) = low-level estimate.,D,3,15 (max),35.0,April 2026,DPS — acid puddles,AoE puddle damage; mana-scalable,Unreliable placement; low damage at most levels,D-tier. Novelty mechanic but low impact.,In Progress,AI Research,2026-04-06
alchemist,Alchemist,Unit,NONE (no talents),"LOW-LEVEL estimate (no talents, level 7-9). Ceiling tier (D) = max level.",D,2.8,7-9 (no talents),35.0,April 2026,DPS — acid puddles — pre-talent,Same base mechanics but no talent bonuses,All talent-dependent strengths unavailable,Floor estimate for win prediction when unit has no talent icon visible. D-tier. Novelty mechanic but low impact.,In Progress,AI Research,2026-04-06
thunderer,Thunderer,Unit,ALL (max level),MAX-LEVEL tier. Floor tier (D) = low-level estimate.,D,3.5,15 (max),35.0,April 2026,DPS — lightning strike,Strong mana-scaling lightning bonus; AoE daze,Base attack is weak without lightning procs; needs mana investment,D-tier in current meta despite lightning potential. Outclassed by modern carries.,In Progress,AI Research,2026-04-06
thunderer,Thunderer,Unit,NONE (no talents),"LOW-LEVEL estimate (no talents, level 7-9). Ceiling tier (D) = max level.",D,3,7-9 (no talents),35.0,April 2026,DPS — lightning strike — pre-talent,Same base mechanics but no talent bonuses,All talent-dependent strengths unavailable,Floor estimate for win prediction when unit has no talent icon visible. D-tier in current meta despite lightning potential. Outclassed by modern carries.,In Progress,AI Research,2026-04-06
pyrotechnic,Pyrotechnic,Unit,ALL (max level),MAX-LEVEL tier. Floor tier (D) = low-level estimate.,D,3.5,15 (max),35.0,April 2026,DPS — isolation carry,Very high damage when isolated; Portal Keeper synergy,Extremely fragile setup — loses entire bonus if any other damage dealer on board,Niche isolation carry. D-tier without perfect setup.,In Progress,AI Research,2026-04-06
pyrotechnic,Pyrotechnic,Unit,NONE (no talents),"LOW-LEVEL estimate (no talents, level 7-9). Ceiling tier (D) = max level.",D,3,7-9 (no talents),35.0,April 2026,DPS — isolation carry — pre-talent,Same base mechanics but no talent bonuses,All talent-dependent strengths unavailable,Floor estimate for win prediction when unit has no talent icon visible. Niche isolation carry. D-tier without perfect setup.,In Progress,AI Research,2026-04-06
wind_archer,Wind Archer,Unit,ALL (max level),MAX-LEVEL tier. Floor tier (D) = low-level estimate.,D,3,15 (max),35.0,April 2026,DPS — AoE sweep,Hits multiple targets per shot; good early,Low individual target damage; outclassed quickly,D-tier. Basic AoE option.,In Progress,AI Research,2026-04-06
wind_archer,Wind Archer,Unit,NONE (no talents),"LOW-LEVEL estimate (no talents, level 7-9). Ceiling tier (D) = max level.",D,2.8,7-9 (no talents),35.0,April 2026,DPS — AoE sweep — pre-talent,Same base mechanics but no talent bonuses,All talent-dependent strengths unavailable,Floor estimate for win prediction when unit has no talent icon visible. D-tier. Basic AoE option.,In Progress,AI Research,2026-04-06
rogue,Rogue,Unit,ALL (max level),MAX-LEVEL tier. Floor tier (D) = low-level estimate.,D,3.2,15 (max),35.0,April 2026,DPS — random bonus damage,Random bonus scales with player crit stat,Unreliable damage; no special mechanics,D-tier basic unit.,In Progress,AI Research,2026-04-06
rogue,Rogue,Unit,NONE (no talents),"LOW-LEVEL estimate (no talents, level 7-9). Ceiling tier (D) = max level.",D,3,7-9 (no talents),35.0,April 2026,DPS — random bonus damage — pre-talent,Same base mechanics but no talent bonuses,All talent-dependent strengths unavailable,Floor estimate for win prediction when unit has no talent icon visible. D-tier basic unit.,In Progress,AI Research,2026-04-06
grindstone,Grindstone,Unit,ALL (max level),MAX-LEVEL tier. Floor tier (D) = low-level estimate.,D,3,15 (max),35.0,April 2026,Support — crit chance,Passively buffs crit chance of adjacent units; synergy with Thunderer,Can flood board; passive only; no damage,Support niche. Useful with Inquisitor stacking. Generally D-tier.,In Progress,AI Research,2026-04-06
grindstone,Grindstone,Unit,NONE (no talents),"LOW-LEVEL estimate (no talents, level 7-9). Ceiling tier (D) = max level.",D,3,7-9 (no talents),35.0,April 2026,Support — crit chance — pre-talent,Same base mechanics but no talent bonuses,All talent-dependent strengths unavailable,Floor estimate for win prediction when unit has no talent icon visible. Support niche. Useful with Inquisitor stacking. Generally D-tier.,In Progress,AI Research,2026-04-06
banner,Banner,Unit,ALL (max level),MAX-LEVEL tier. Floor tier (D) = low-level estimate.,D,2.8,15 (max),35.0,April 2026,Support — attack speed buff,Buffs adjacent unit attack speed,Passive only; can flood board dangerously; only highest-rank applies,"D-tier. Useful early, dangerous late due to board flooding risk.",In Progress,AI Research,2026-04-06
banner,Banner,Unit,NONE (no talents),"LOW-LEVEL estimate (no talents, level 7-9). Ceiling tier (D) = max level.",D,2.8,7-9 (no talents),35.0,April 2026,Support — attack speed buff — pre-talent,Same base mechanics but no talent bonuses,All talent-dependent strengths unavailable,"Floor estimate for win prediction when unit has no talent icon visible. D-tier. Useful early, dangerous late due to board flooding risk.",In Progress,AI Research,2026-04-06
mime,Mime,Unit,ALL (max level),MAX-LEVEL tier. Floor tier (D) = low-level estimate.,D,3,15 (max),35.0,April 2026,Utility — flexible merger,Can merge with any unit of same rank; good board cleaner,No damage or direct buff; purely utility,"D-tier direct, but enables strategies. Value depends entirely on deck context.",In Progress,AI Research,2026-04-06
mime,Mime,Unit,NONE (no talents),"LOW-LEVEL estimate (no talents, level 7-9). Ceiling tier (D) = max level.",D,3,7-9 (no talents),35.0,April 2026,Utility — flexible merger — pre-talent,Same base mechanics but no talent bonuses,All talent-dependent strengths unavailable,"Floor estimate for win prediction when unit has no talent icon visible. D-tier direct, but enables strategies. Value depends entirely on deck context.",In Progress,AI Research,2026-04-06
shaman,Shaman,Unit,ALL (max level),MAX-LEVEL tier. Floor tier (D) = low-level estimate.,D,3.5,15 (max),35.0,April 2026,CC — rank manipulation,PvP: reduces opponent unit rank; Co-Op: increases ally rank,Completely different and opposing use in PvP vs Co-Op,"Niche PvP disruptor. Strong in specific metas, generally D-tier.",In Progress,AI Research,2026-04-06
shaman,Shaman,Unit,NONE (no talents),"LOW-LEVEL estimate (no talents, level 7-9). Ceiling tier (D) = max level.",D,3,7-9 (no talents),35.0,April 2026,CC — rank manipulation — pre-talent,Same base mechanics but no talent bonuses,All talent-dependent strengths unavailable,"Floor estimate for win prediction when unit has no talent icon visible. Niche PvP disruptor. Strong in specific metas, generally D-tier.",In Progress,AI Research,2026-04-06
kobold,Kobold,Unit,ALL (max level),MAX-LEVEL tier. Floor tier (D) = low-level estimate.,B,6,15 (max),35.0,April 2026,Event/limited DPS legendary,Limited event unit — mechanics require in-game verification,Verify current availability and talent status,⚠️ VERIFY: Event/limited unit. Tier estimate based on account listings showing it at same level as A-tier units.,Needs Review,AI Research,2026-04-06
kobold,Kobold,Unit,NONE (no talents),"LOW-LEVEL estimate (no talents, level 7-9). Ceiling tier (B) = max level.",D,2.5,7-9 (no talents),35.0,April 2026,Event/limited DPS legendary — pre-talent,Same base mechanics but no talent bonuses,All talent-dependent strengths unavailable,Floor estimate for win prediction when unit has no talent icon visible. ⚠️ VERIFY: Event/limited unit. Tier estimate based on account listings showing it at same level as A-tier units.,Needs Review,AI Research,2026-04-06
twilight_ranger,Twilight Ranger,Unit,ALL (max level),MAX-LEVEL tier. Floor tier (D) = low-level estimate.,B,5.8,15 (max),35.0,April 2026,Event/limited DPS legendary,Limited event unit — mechanics require in-game verification,Verify current availability and talent status,⚠️ VERIFY: Event/limited unit. Appears in high-level account listings alongside strong legendaries.,Needs Review,AI Research,2026-04-06
twilight_ranger,Twilight Ranger,Unit,NONE (no talents),"LOW-LEVEL estimate (no talents, level 7-9). Ceiling tier (B) = max level.",D,2.5,7-9 (no talents),35.0,April 2026,Event/limited DPS legendary — pre-talent,Same base mechanics but no talent bonuses,All talent-dependent strengths unavailable,Floor estimate for win prediction when unit has no talent icon visible. ⚠️ VERIFY: Event/limited unit. Appears in high-level account listings alongside strong legendaries.,Needs Review,AI Research,2026-04-06
twins,Twins,Unit,ALL (max level),MAX-LEVEL tier. Floor tier (D) = low-level estimate.,B,5.5,15 (max),35.0,April 2026,Event/limited legendary,Limited event unit — mechanics require in-game verification,"Verify current availability, rarity and talent status",⚠️ VERIFY: Event/limited unit. Rarity and current mechanics unconfirmed.,Needs Review,AI Research,2026-04-06
twins,Twins,Unit,NONE (no talents),"LOW-LEVEL estimate (no talents, level 7-9). Ceiling tier (B) = max level.",D,2.5,7-9 (no talents),35.0,April 2026,Event/limited legendary — pre-talent,Same base mechanics but no talent bonuses,All talent-dependent strengths unavailable,Floor estimate for win prediction when unit has no talent icon visible. ⚠️ VERIFY: Event/limited unit. Rarity and current mechanics unconfirmed.,Needs Review,AI Research,2026-04-06
phoenix,Phoenix,Unit,ALL (max level),MAX-LEVEL tier. Floor tier (D) = low-level estimate.,A,7,15 (max),35.0,April 2026,DPS legendary — resurrection mechanic; reincarnation,Has reincarnation; appears in high-level accounts alongside S-tier units,In-game spelling and full mechanics require verification,⚠️ VERIFY: Appears in account listings alongside Reincarnation Bard and Summoner. Likely A-tier at max.,Needs Review,AI Research,2026-04-06
phoenix,Phoenix,Unit,NONE (no talents),"LOW-LEVEL estimate (no talents, level 7-9). Ceiling tier (A) = max level.",D,2.5,7-9 (no talents),35.0,April 2026,DPS legendary — resurrection mechanic; reincarnation — pre-talent,Same base mechanics but no talent bonuses,All talent-dependent strengths unavailable,Floor estimate for win prediction when unit has no talent icon visible. ⚠️ VERIFY: Appears in account listings alongside Reincarnation Bard and Summoner. Likely A-tier at max.,Needs Review,AI Research,2026-04-06
executioner,Executioner,Unit,ALL (max level),MAX-LEVEL tier. Floor tier (D) = low-level estimate.,C,4.5,15 (max),35.0,April 2026,DPS — finishing blow,Powerful vs low-health targets,Situational; limited effectiveness vs full-health targets,C-tier. Niche use.,In Progress,AI Research,2026-04-06
executioner,Executioner,Unit,NONE (no talents),"LOW-LEVEL estimate (no talents, level 7-9). Ceiling tier (C) = max level.",D,2.5,7-9 (no talents),35.0,April 2026,DPS — finishing blow — pre-talent,Same base mechanics but no talent bonuses,All talent-dependent strengths unavailable,Floor estimate for win prediction when unit has no talent icon visible. C-tier. Niche use.,In Progress,AI Research,2026-04-06
cold_elemental,Cold Elemental,Unit,ALL (max level),MAX-LEVEL tier. Floor tier (D) = low-level estimate.,C,4.2,15 (max),35.0,April 2026,CC/DPS — chill + burst,Combined slow and damage; frost burst AoE,Outclassed by Frost in dedicated CC role,C-tier. Useful in budget CC builds.,In Progress,AI Research,2026-04-06
cold_elemental,Cold Elemental,Unit,NONE (no talents),"LOW-LEVEL estimate (no talents, level 7-9). Ceiling tier (C) = max level.",D,2.5,7-9 (no talents),35.0,April 2026,CC/DPS — chill + burst — pre-talent,Same base mechanics but no talent bonuses,All talent-dependent strengths unavailable,Floor estimate for win prediction when unit has no talent icon visible. C-tier. Useful in budget CC builds.,In Progress,AI Research,2026-04-06
clown,Clown,Unit,ALL (max level),MAX-LEVEL tier. Floor tier (D) = low-level estimate.,C,4,15 (max),35.0,April 2026,Utility — unpredictable effects,Unique random effects; may provide clutch buffs/debuffs,Unreliable by nature; hard to build around,⚠️ VERIFY: Mechanics require in-game confirmation.,Needs Review,AI Research,2026-04-06
clown,Clown,Unit,NONE (no talents),"LOW-LEVEL estimate (no talents, level 7-9). Ceiling tier (C) = max level.",D,2,7-9 (no talents),35.0,April 2026,Utility — unpredictable effects — pre-talent,Same base mechanics but no talent bonuses,All talent-dependent strengths unavailable,Floor estimate for win prediction when unit has no talent icon visible. ⚠️ VERIFY: Mechanics require in-game confirmation.,Needs Review,AI Research,2026-04-06
portal_keeper,Portal Keeper,Unit,ALL (max level),MAX-LEVEL tier. Floor tier (B) = low-level estimate.,B,6,15 (max),35.0,April 2026,Utility — positioning teleport,Enables isolation strategies; critical for Pyrotechnic decks; consistent value,Needs a unit that benefits from isolation; less valuable otherwise,"B-tier in most decks. A-tier or higher in isolation-dependent builds (Pyrotechnic, Blade Dancer).",In Progress,AI Research,2026-04-06
portal_keeper,Portal Keeper,Unit,NONE (no talents),"LOW-LEVEL estimate (no talents, level 7-9). Ceiling tier (B) = max level.",B,6,7-9 (no talents),35.0,April 2026,Utility — positioning teleport — pre-talent,Same base mechanics but no talent bonuses,All talent-dependent strengths unavailable,"Floor estimate for win prediction when unit has no talent icon visible. B-tier in most decks. A-tier or higher in isolation-dependent builds (Pyrotechnic, Blade Dancer).",In Progress,AI Research,2026-04-06
corsair,Corsair,Unit,ALL (max level),MAX-LEVEL tier. Floor tier (C) = low-level estimate.,B,5.5,15 (max),35.0,April 2026,DPS — bomb throwing,Area damage from bombs; consistent pressure; improved in patches,Requires time for bombs to activate; less effective vs fast-moving bosses,B-tier. Improved significantly since launch with shorter bomb interval.,In Progress,AI Research,2026-04-06
corsair,Corsair,Unit,NONE (no talents),"LOW-LEVEL estimate (no talents, level 7-9). Ceiling tier (B) = max level.",C,3.5,7-9 (no talents),35.0,April 2026,DPS — bomb throwing — pre-talent,Same base mechanics but no talent bonuses,All talent-dependent strengths unavailable,Floor estimate for win prediction when unit has no talent icon visible. B-tier. Improved significantly since launch with shorter bomb interval.,In Progress,AI Research,2026-04-06
franky_and_stein,Franky & Stein,Unit,ALL (max level),MAX-LEVEL tier. Floor tier (D) = low-level estimate.,A,7.2,15 (max),35.0,April 2026,DPS — signal+bolt stacking; reincarnation,High ceiling with bolt stacks from killed boss monsters; Demonologist synergy; reincarnation,Very complex setup; needs boss monsters killed to stack bolts effectively,A-tier in the right deck with Demonologist synergy. Complex but powerful.,In Progress,AI Research,2026-04-06
franky_and_stein,Franky & Stein,Unit,NONE (no talents),"LOW-LEVEL estimate (no talents, level 7-9). Ceiling tier (A) = max level.",D,2,7-9 (no talents),35.0,April 2026,DPS — signal+bolt stacking; reincarnation — pre-talent,Same base mechanics but no talent bonuses,All talent-dependent strengths unavailable,Floor estimate for win prediction when unit has no talent icon visible. A-tier in the right deck with Demonologist synergy. Complex but powerful.,In Progress,AI Research,2026-04-06
demonologist,Demonologist,Unit,ALL (max level),MAX-LEVEL tier. Floor tier (C) = low-level estimate.,B,6,15 (max),35.0,April 2026,Support — monster summoning; reincarnation,Summons armored monsters to opponent; synergy with Franky & Stein; reworked mechanics,Mana Power-up reduces own rank — requires careful management,B-tier. Rework made it more strategic. Excellent in Franky & Stein decks.,In Progress,AI Research,2026-04-06
demonologist,Demonologist,Unit,NONE (no talents),"LOW-LEVEL estimate (no talents, level 7-9). Ceiling tier (B) = max level.",C,4,7-9 (no talents),35.0,April 2026,Support — monster summoning; reincarnation — pre-talent,Same base mechanics but no talent bonuses,All talent-dependent strengths unavailable,Floor estimate for win prediction when unit has no talent icon visible. B-tier. Rework made it more strategic. Excellent in Franky & Stein decks.,In Progress,AI Research,2026-04-06